Year,Total,Nation
1924,17,Norway
1924,11,Finland
1924,4,Great Britain
1924,4,USA
1924,3,Austria
1924,3,France
1924,3,Switzerland
1924,2,Sweden
1924,1,Belgium
1924,1,Canada
1928,15,Norway
1928,6,USA
1928,5,Sweden
1928,4,Austria
1928,4,Finland
1928,1,Belgium
1928,1,Canada
1928,1,Czech Republic
1928,1,France
1928,1,Germany
1928,1,Great Britain
1928,1,Switzerland
1932,12,USA
1932,10,Norway
1932,7,Canada
1932,3,Finland
1932,3,Sweden
1932,2,Austria
1932,2,Germany
1932,1,France
1932,1,Hungary
1932,1,Switzerland
1936,15,Norway
1936,7,Sweden
1936,6,Finland
1936,6,Germany
1936,4,Austria
1936,4,USA
1936,3,Great Britain
1936,3,Switzerland
1936,1,Canada
1936,1,France
1936,1,Hungary
1948,10,Norway
1948,10,Sweden
1948,10,Switzerland
1948,9,USA
1948,8,Austria
1948,6,Finland
1948,5,France
1948,3,Canada
1948,2,Belgium
1948,2,Great Britain
1948,1,Czech Republic
1948,1,Hungary
1948,1,Italy
1952,16,Norway
1952,11,USA
1952,9,Finland
1952,8,Austria
1952,7,Germany
1952,4,Sweden
1952,3,Netherlands
1952,2,Canada
1952,2,Italy
1952,2,Switzerland
1952,1,France
1952,1,Great Britain
1952,1,Hungary
1956,16,Russia
1956,11,Austria
1956,10,Sweden
1956,7,Finland
1956,7,USA
1956,6,Switzerland
1956,4,Norway
1956,3,Canada
1956,3,Italy
1956,2,Germany
1956,1,Hungary
1956,1,Japan
1956,1,Poland
1960,21,Russia
1960,10,USA
1960,8,Finland
1960,8,Germany
1960,7,Sweden
1960,6,Austria
1960,6,Norway
1960,4,Canada
1960,3,France
1960,2,Netherlands
1960,2,Poland
1960,2,Switzerland
1960,1,Czech Republic
1960,1,Italy
1964,25,Russia
1964,15,Norway
1964,12,Austria
1964,10,Finland
1964,9,Germany
1964,7,France
1964,7,Sweden
1964,7,USA
1964,4,Italy
1964,3,Canada
1964,2,Netherlands
1964,1,Czech Republic
1964,1,Great Britain
1964,1,North Korea
1968,14,Norway
1968,13,Russia
1968,12,Germany
1968,11,Austria
1968,9,France
1968,9,Netherlands
1968,8,Sweden
1968,7,USA
1968,6,Switzerland
1968,5,Finland
1968,4,Czech Republic
1968,4,Italy
1968,3,Canada
1968,1,Romania
1972,19,Germany
1972,16,Russia
1972,12,Norway
1972,10,Switzerland
1972,9,Netherlands
1972,8,USA
1972,5,Austria
1972,5,Finland
1972,5,Italy
1972,4,Sweden
1972,3,Czech Republic
1972,3,France
1972,3,Japan
1972,1,Canada
1972,1,Poland
1972,1,Spain
1976,29,Germany
1976,27,Russia
1976,10,USA
1976,7,Finland
1976,7,Norway
1976,6,Austria
1976,6,Netherlands
1976,5,Switzerland
1976,4,Italy
1976,3,Canada
1976,2,Liechtenstein
1976,2,Sweden
1976,1,Czech Republic
1976,1,France
1976,1,Great Britain
1980,28,Germany
1980,22,Russia
1980,12,USA
1980,10,Norway
1980,9,Finland
1980,7,Austria
1980,5,Switzerland
1980,4,Liechtenstein
1980,4,Netherlands
1980,4,Sweden
1980,2,Canada
1980,2,Italy
1980,1,Bulgaria
1980,1,Czech Republic
1980,1,France
1980,1,Great Britain
1980,1,Hungary
1980,1,Japan
1984,28,Germany
1984,25,Russia
1984,13,Finland
1984,9,Norway
1984,8,Sweden
1984,8,USA
1984,6,Czech Republic
1984,5,Switzerland
1984,4,Canada
1984,3,France
1984,2,Italy
1984,2,Liechtenstein
1984,1,Austria
1984,1,Great Britain
1984,1,Japan
1984,1,Yugoslavia
1988,33,Germany
1988,29,Russia
1988,15,Switzerland
1988,10,Austria
1988,7,Finland
1988,7,Netherlands
1988,6,Sweden
1988,6,USA
1988,5,Canada
1988,5,Italy
1988,5,Norway
1988,3,Czech Republic
1988,3,Yugoslavia
1988,2,France
1988,1,Japan
1988,1,Liechtenstein
1992,26,Germany
1992,23,Russia
1992,21,Austria
1992,20,Norway
1992,14,Italy
1992,11,USA
1992,9,France
1992,7,Canada
1992,7,Finland
1992,7,Japan
1992,4,Netherlands
1992,4,South Korea
1992,4,Sweden
1992,3,China
1992,3,Czech Republic
1992,3,Switzerland
1992,2,Luxembourg
1992,1,New Zealand
1992,1,North Korea
1992,1,Spain
1994,26,Norway
1994,24,Germany
1994,23,Russia
1994,20,Italy
1994,13,Canada
1994,13,USA
1994,9,Austria
1994,9,Switzerland
1994,6,Finland
1994,6,South Korea
1994,5,France
1994,5,Japan
1994,4,Netherlands
1994,3,China
1994,3,Kazakhstan
1994,3,Slovenia
1994,3,Sweden
1994,2,Belarus
1994,2,Great Britain
1994,2,Ukraine
1994,1,Australia
1994,1,Uzbekistan
1998,29,Germany
1998,25,Norway
1998,18,Russia
1998,17,Austria
1998,15,Canada
1998,13,USA
1998,12,Finland
1998,11,Netherlands
1998,10,Italy
1998,10,Japan
1998,8,China
1998,8,France
1998,7,Switzerland
1998,6,South Korea
1998,3,Czech Republic
1998,3,Sweden
1998,2,Belarus
1998,2,Kazakhstan
1998,1,Australia
1998,1,Belgium
1998,1,Bulgaria
1998,1,Denmark
1998,1,Great Britain
1998,1,Ukraine
2002,36,Germany
2002,34,USA
2002,25,Norway
2002,17,Austria
2002,17,Canada
2002,13,Italy
2002,13,Russia
2002,11,France
2002,11,Switzerland
2002,8,China
2002,8,Netherlands
2002,7,Finland
2002,7,Sweden
2002,4,Croatia
2002,4,South Korea
2002,3,Bulgaria
2002,3,Czech Republic
2002,3,Estonia
2002,2,Australia
2002,2,Great Britain
2002,2,Japan
2002,2,Poland
2002,1,Belarus
2002,1,Slovenia
2006,29,Germany
2006,25,USA
2006,24,Canada
2006,23,Austria
2006,22,Russia
2006,19,Norway
2006,14,Sweden
2006,14,Switzerland
2006,11,China
2006,11,Italy
2006,11,South Korea
2006,9,Finland
2006,9,France
2006,9,Netherlands
2006,4,Czech Republic
2006,3,Croatia
2006,3,Estonia
2006,2,Australia
2006,2,Poland
2006,2,Ukraine
2006,1,Belarus
2006,1,Bulgaria
2006,1,Great Britain
2006,1,Japan
2006,1,Latvia
2006,1,Slovakia
2010,37,USA
2010,30,Germany
2010,26,Canada
2010,23,Norway
2010,17,Austria
2010,14,South Korea
2010,13,Russia
2010,12,Sweden
2010,11,China
2010,11,France
2010,9,Switzerland
2010,8,Netherlands
2010,6,Czech Republic
2010,6,Poland
2010,5,Finland
2010,5,Italy
2010,5,Japan
2010,3,Australia
2010,3,Belarus
2010,3,Croatia
2010,3,Slovakia
2010,3,Slovenia
2010,2,Latvia
2010,1,Estonia
2010,1,Great Britain
2010,1,Kazakhstan
2014,29,Russia
2014,28,USA
2014,27,Norway
2014,25,Canada
2014,24,Netherlands
2014,19,Germany
2014,17,Austria
2014,15,France
2014,15,Sweden
2014,11,Switzerland
2014,9,China
2014,9,Czech Republic
2014,8,Italy
2014,8,Japan
2014,8,Slovenia
2014,8,South Korea
2014,6,Belarus
2014,6,Poland
2014,5,Finland
2014,5,Great Britain
2014,5,Latvia
2014,3,Australia
2014,2,Ukraine
2014,1,Croatia
2014,1,Kazakhstan
2014,1,Slovakia
2018,39,Norway
2018,31,Germany
2018,29,Canada
2018,23,USA
2018,20,Netherlands
2018,17,Russia
2018,17,South Korea
2018,15,France
2018,15,Switzerland
2018,14,Austria
2018,14,Sweden
2018,13,Japan
2018,10,Italy
2018,9,China
2018,7,Czech Republic
2018,6,Finland
2018,5,Great Britain
2018,3,Australia
2018,3,Belarus
2018,3,Slovakia
2018,2,New Zealand
2018,2,Poland
2018,2,Slovenia
2018,2,Spain
2018,1,Belgium
2018,1,Hungary
2018,1,Kazakhstan
2018,1,Latvia
2018,1,Liechtenstein
2018,1,Ukraine
2022,37,Norway
2022,32,Russia
2022,27,Germany
2022,26,Canada
2022,25,USA
2022,18,Austria
2022,18,Japan
2022,18,Sweden
2022,17,Italy
2022,17,Netherlands
2022,15,China
2022,15,Switzerland
2022,14,France
2022,9,South Korea
2022,8,Finland
2022,7,Slovenia
2022,4,Australia
2022,3,Hungary
2022,3,New Zealand
2022,2,Belarus
2022,2,Belgium
2022,2,Czech Republic
2022,2,Great Britain
2022,2,Slovakia
2022,1,Estonia
2022,1,Latvia
2022,1,Poland
2022,1,Spain
2022,1,Ukraine
